{"Total Epoch": 50, "_runtime": 6.782229661941528, "_step": 0, "_timestamp": 1596171414.004638, "Batch": 64}
