{"_runtime": 7.533610105514526, "Batch": 64, "_timestamp": 1599047078.5445652, "_step": 1, "Total Epoch": 5, "Threshold": 0.5}
