{"Batch": 64, "Total Epoch": 50, "_step": 0, "_runtime": 4.641915798187256, "_timestamp": 1596169605.9784539}
