{"Total Epoch": 1, "_step": 1, "_timestamp": 1599550477.0145915, "_runtime": 8.73015809059143, "Batch": 64, "Threshold": 0.5}
