{"_step": 0, "_runtime": 22.013733386993408, "_timestamp": 1596085192.4665658, "Total Epoch": 50, "Batch": 64}
