{"Total Epoch": 100, "Batch": 512, "_step": 0, "_runtime": 6.053828477859497, "_timestamp": 1596007863.5756402, "Threshold": 0.9}
