{"_runtime": 4.691979169845581, "_step": 0, "_timestamp": 1596096306.9259522, "Total Epoch": 50, "Batch": 64}
