{"_timestamp": 1596684136.002037, "_runtime": 203.96341633796692, "Threshold": 0.5, "_step": 0, "Batch": 64, "Total Epoch": 50}
