{"Threshold": 0.5, "Batch": 128, "Total Epoch": 16, "_runtime": 19.289491891860962, "_timestamp": 1596440378.7166333, "_step": 0}
