{"Total Epoch": 1, "_runtime": 59.304481983184814, "_step": 4, "_timestamp": 1599037184.4049954, "Batch": 64, "Trainloss": 0.6013876929950694, "F1Score": 0.47412041898402046, "ROC-AUC": 0.7215208302233352, "Precision": 0.43317541927349, "Accuracy": 0.660726525017135, "Epoch": 0, "Recall": 0.5311951956457687, "Class 0 F1Score": 0.7928184667996581, "Class 1 F1Score": 0.6295427901524033, "Class 2 F1Score": 0.0}
