{"Batch": 64, "_step": 0, "Total Epoch": 50, "_timestamp": 1596174386.4535534, "_runtime": 4.876420021057129}
