{"_runtime": 82.75683331489563, "Total Epoch": 3, "_timestamp": 1597244866.6043339, "Batch": 64, "_step": 1, "Threshold": 0.5}
