{"Batch": 64, "_runtime": 2.3314263820648193, "_timestamp": 1599027620.780216, "_step": 0, "Total Epoch": 2}
