{"_step": 1, "Total Epoch": 3, "Batch": 64, "_timestamp": 1597243015.6679952, "_runtime": 85.11699485778809, "Threshold": 0.5}
