{"_timestamp": 1596698077.3288517, "_runtime": 67.93242740631104, "Total Epoch": 32, "Batch": 64, "Threshold": 0.5, "_step": 0}
