{"_runtime": 6.246377468109131, "Total Epoch": 100, "Threshold": 0.5, "_step": 0, "_timestamp": 1596185896.9669065, "Batch": 64}
