{"Threshold": 0.9, "Total Epoch": 100, "Batch": 512, "_step": 0, "_runtime": 5.826638460159302, "_timestamp": 1596007763.0704837}
