{"_runtime": 4.5768678188323975, "_timestamp": 1596008003.30175, "_step": 0, "Total Epoch": 100, "Threshold": 0.9, "Batch": 512}
