{"Batch": 64, "_timestamp": 1596013232.3559086, "_runtime": 4.37317419052124, "Threshold": 0.9, "_step": 0, "Total Epoch": 100}
