{"_step": 0, "Total Epoch": 100, "Threshold": 0.9, "Batch": 512, "_timestamp": 1596008544.0834627, "_runtime": 18.959489107131958}
