{"Batch": 64, "_runtime": 63.19407081604004, "Total Epoch": 1, "_step": 4, "_timestamp": 1599036974.399481, "Accuracy": 0.6435915010281015, "ROC-AUC": 0.7448194208116029, "Trainloss": 0.6010132463384267, "F1Score": 0.4560908126068431, "Epoch": 0, "Precision": 0.44272044727551974, "Recall": 0.504329985680876, "Class 0 F1Score": 0.7674605298367675, "Class 1 F1Score": 0.6008119079837617, "Class 2 F1Score": 0.0}
