{"ROC-AUC": 0.7688635645956842, "Accuracy": 0.6052090472926662, "_runtime": 120.92767882347107, "F1Score": 0.4102191847819092, "_step": 15, "_timestamp": 1599037032.133089, "Precision": 0.4190920709566595, "Recall": 0.459102972658845, "Class 0 F1Score": 0.7422680412371134, "Class 1 F1Score": 0.4883895131086142, "Class 2 F1Score": 0.0}
