{"Total Epoch": 1, "Batch": 64, "_step": 4, "_timestamp": 1599037388.240891, "_runtime": 62.07878279685974, "Trainloss": 0.5825077785459213, "Epoch": 0, "ROC-AUC": 0.7347928271980259, "F1Score": 0.4906578885073509, "Precision": 0.44903562446277984, "Accuracy": 0.6792323509252913, "Recall": 0.5487149211360925, "Class 0 F1Score": 0.8056980056980058, "Class 1 F1Score": 0.6662756598240469, "Class 2 F1Score": 0.0}
