{"_timestamp": 1597243484.1603427, "_step": 1, "Total Epoch": 3, "_runtime": 82.7680447101593, "Batch": 64, "Threshold": 0.5}
