{"Total Epoch": 50, "_step": 0, "_timestamp": 1596089017.0872765, "Batch": 64, "_runtime": 4.004784822463989}
