{"_timestamp": 1597243628.0167003, "_step": 1, "_runtime": 80.8029363155365, "Total Epoch": 3, "Batch": 64, "Threshold": 0.5}
