{"Batch": 64, "Total Epoch": 100, "Threshold": 0.5, "_timestamp": 1596185960.084547, "_runtime": 4.38301682472229, "_step": 0}
