{"Batch": 64, "_runtime": 7.531749248504639, "_step": 1, "Total Epoch": 5, "_timestamp": 1599044391.845846, "Threshold": 0.5}
