{"_step": 0, "_timestamp": 1596092139.8071911, "Total Epoch": 50, "Batch": 64, "_runtime": 10.945343732833862}
