{"Threshold": 0.9, "Batch": 64, "_timestamp": 1596013781.3952363, "_step": 0, "_runtime": 4.404556035995483, "Total Epoch": 100}
