{"Batch": 64, "_step": 1, "_runtime": 3.235661268234253, "_timestamp": 1599629510.0361736, "Total Epoch": 5, "Threshold": 0.5}
