{"_step": 0, "Batch": 64, "Total Epoch": 50, "_timestamp": 1596094321.2622516, "_runtime": 5.879940748214722}
