{"_runtime": 77.81300973892212, "Threshold": 0.9, "Batch": 512, "_timestamp": 1596010420.875501, "Total Epoch": 100, "_step": 1, "Accuracy": 0.6496496496496497, "Precision": 0.3251503006012024, "Recall": 0.49923076923076926, "F1Score": 0.3938106796116505}
