{"Total Epoch": 100, "_timestamp": 1596008356.8250914, "Threshold": 0.9, "_step": 0, "Batch": 512, "_runtime": 5.340485572814941}
