{"_runtime": 235.89455890655518, "Total Epoch": 2, "Batch": 64, "_timestamp": 1599027896.2162569, "_step": 8, "Precision": 0.6999513704420096, "Trainloss": 0.2397414751641566, "Recall": 0.6206848942364166, "Accuracy": 0.7337217272104181, "F1Score": 0.5616506288237818, "Epoch": 1, "ROC-AUC": 0.8213615876478131, "Class 0 F1Score": 0.8576755748912368, "Class 1 F1Score": 0.7514037774374682, "Class 2 F1Score": 0.07587253414264036}
