{"Batch": 64, "Total Epoch": 50, "_step": 1, "_timestamp": 1597048150.767072, "_runtime": 2.465916156768799, "Threshold": 0.5}
