{"_step": 1, "Batch": 64, "Total Epoch": 100, "_timestamp": 1596014028.5097315, "_runtime": 77.24639534950256, "Threshold": 0.9, "0F1": 0.7942307692307693, "F1Score": 0.543033702624172, "Accuracy": 0.7007007007007007, "2F1": 0.7196870925684485, "Precision": 0.6143642789117988, "1F1": 0.11518324607329844, "Recall": 0.5701339303078901}
