{"_timestamp": 1596009587.3832903, "Batch": 512, "_step": 0, "Total Epoch": 100, "_runtime": 5.417236566543579, "Threshold": 0.9}
