{"_step": 1, "_runtime": 80.91470694541931, "_timestamp": 1597243844.6083949, "Total Epoch": 3, "Batch": 64, "Threshold": 0.5}
