{"_runtime": 110.83803224563599, "Total Epoch": 64, "Batch": 64, "Threshold": 0.5, "_timestamp": 1596701183.8932889, "_step": 0}
