{"_timestamp": 1596186133.404411, "Threshold": 0.5, "_step": 0, "Total Epoch": 100, "Batch": 64, "_runtime": 5.517328262329102}
