{"_step": 0, "_timestamp": 1596010290.6542356, "Batch": 512, "Total Epoch": 100, "Threshold": 0.9, "_runtime": 4.950904846191406}
