{"_runtime": 3.5300323963165283, "_step": 0, "_timestamp": 1598962920.5847552, "Batch": 64, "Total Epoch": 5}
