{"_runtime": 82.50220251083374, "_timestamp": 1597244480.7570317, "Total Epoch": 3, "Batch": 64, "_step": 1, "Threshold": 0.5}
