{"_step": 15, "ROC-AUC": 0.7873047293613595, "F1Score": 0.4911664672271215, "Precision": 0.44638855445509745, "Accuracy": 0.67854694996573, "Recall": 0.5509046489857559, "_timestamp": 1599037445.3546078, "_runtime": 119.19249963760376, "Class 0 F1Score": 0.8053071820017306, "Class 1 F1Score": 0.6681922196796338, "Class 2 F1Score": 0.0}
