{"_step": 0, "_runtime": 145.21932768821716, "_timestamp": 1596696926.9554017, "Batch": 64, "Threshold": 0.5, "Total Epoch": 32}
