{"_runtime": 117.15049719810486, "Total Epoch": 2, "Batch": 64, "_timestamp": 1599027777.4721951, "_step": 8, "Precision": 0.4662461422227924, "Trainloss": 0.32593049033434784, "Recall": 0.5796222665096673, "Accuracy": 0.705620287868403, "F1Score": 0.5157441954315835, "Epoch": 1, "ROC-AUC": 0.7861110045326488, "Class 0 F1Score": 0.8256290228203628, "Class 1 F1Score": 0.7216035634743876, "Class 2 F1Score": 0.0}
