{"_step": 1, "Total Epoch": 5, "_timestamp": 1599044119.7962282, "_runtime": 7.321296453475952, "Batch": 64, "Threshold": 0.5}
