{"_runtime": 5.014070749282837, "Batch": 64, "_step": 0, "Total Epoch": 100, "_timestamp": 1596186090.4680648, "Threshold": 0.5}
