{"Total Epoch": 100, "Batch": 64, "_step": 0, "Threshold": 0.9, "_timestamp": 1596013516.2358506, "_runtime": 5.521007776260376}
