{"Batch": 512, "Total Epoch": 100, "_step": 0, "_timestamp": 1596008818.6632745, "_runtime": 4.745133876800537, "Threshold": 0.9}
