{"Total Epoch": 5, "_runtime": 7.007947683334351, "_step": 1, "_timestamp": 1599044228.6733174, "Batch": 64, "Threshold": 0.5}
