{"Total Epoch": 50, "_timestamp": 1596082550.6193812, "_runtime": 167.34333038330078, "_step": 5, "Batch": 64, "1F1": 0.0, "Precision": 0.46308862013505325, "Recall": 0.5380327105385714, "Accuracy": 0.6886886886886887, "Epoch": 4, "2F1": 0.7016011644832605, "0F1": 0.7807860262008732, "F1Score": 0.4941290635613779}
