{"_step": 0, "_timestamp": 1596088325.3632712, "_runtime": 19.53861379623413, "Total Epoch": 50, "Batch": 64}
