{"Batch": 64, "_runtime": 3.5844533443450928, "Total Epoch": 2, "_step": 0, "_timestamp": 1599027490.3398466}
