{"Batch": 64, "_step": 2, "_timestamp": 1597242691.6961765, "_runtime": 78.76336145401001, "Total Epoch": 3, "Threshold": 0.5, "Accuracy": 0.5, "Trainloss": 0.0012169074264227176, "Epoch": 0, "Recall": 0.0, "Precision": 0.0, "ROC-AUC": 0.5, "F1Score": 0.0}
