{"Total Epoch": 1, "_runtime": 101.15587162971497, "_step": 4, "_timestamp": 1599037226.256385, "Batch": 64, "Trainloss": 0.9973951645547842, "F1Score": 0.3819663923182442, "ROC-AUC": 0.7925305988772732, "Precision": 0.4196438492724912, "Accuracy": 0.5843043180260452, "Epoch": 0, "Recall": 0.4335215368540765, "Class 0 F1Score": 0.7245, "Class 1 F1Score": 0.4213991769547325, "Class 2 F1Score": 0.0}
