{"Threshold": 0.9, "_step": 0, "_timestamp": 1596008230.7224572, "Total Epoch": 100, "Batch": 512, "_runtime": 5.4676196575164795}
