{"_step": 1, "Total Epoch": 3, "_timestamp": 1597245670.5035803, "_runtime": 81.01552295684814, "Batch": 64, "Threshold": 0.5}
