{"Total Epoch": 1, "Batch": 64, "_step": 4, "_timestamp": 1599037428.803307, "_runtime": 102.6411988735199, "Trainloss": 1.0295304787575668, "Epoch": 0, "ROC-AUC": 0.7961853186224638, "F1Score": 0.22333853015671198, "Precision": 0.3883743091290261, "Accuracy": 0.4986291980808773, "Recall": 0.3341232227488152, "Class 0 F1Score": 0.6652930402930403, "Class 1 F1Score": 0.004722550177095632, "Class 2 F1Score": 0.0}
