{"Threshold": 0.9, "Batch": 512, "_runtime": 5.185514688491821, "_timestamp": 1596008121.5290856, "Total Epoch": 100, "_step": 0}
