{"Total Epoch": 32, "_step": 0, "_timestamp": 1596699214.3536894, "Batch": 64, "Threshold": 0.5, "_runtime": 74.74574112892151}
