{"Batch": 64, "_runtime": 104.9877610206604, "Total Epoch": 1, "_step": 4, "_timestamp": 1599037016.1931713, "Accuracy": 0.6052090472926662, "ROC-AUC": 0.7688635645956842, "Trainloss": 1.0156396243407189, "F1Score": 0.4102191847819092, "Epoch": 0, "Precision": 0.4190920709566595, "Recall": 0.459102972658845, "Class 0 F1Score": 0.7422680412371134, "Class 1 F1Score": 0.4883895131086142, "Class 2 F1Score": 0.0}
