{"_runtime": 7.697043418884277, "_step": 0, "Batch": 64, "Total Epoch": 100, "_timestamp": 1596013046.565016, "Threshold": 0.9}
