{"_step": 0, "Total Epoch": 50, "_timestamp": 1596507395.870262, "Batch": 64, "_runtime": 28.793415546417236}
