{"Total Epoch": 50, "_timestamp": 1596507214.696435, "_step": 0, "Batch": 64, "_runtime": 49.42936444282532}
