{"Batch": 64, "_step": 0, "_timestamp": 1599027563.5334792, "_runtime": 4.187543869018555, "Total Epoch": 2}
