{"_timestamp": 1597245568.0937078, "Total Epoch": 3, "_step": 1, "_runtime": 81.35349249839783, "Batch": 64, "Threshold": 0.5}
