{"ROC-AUC": 0.7702717101280854, "_timestamp": 1599036662.2250543, "Precision": 0.3843291399695426, "_step": 15, "F1Score": 0.24166525677268547, "Recall": 0.34281200631911535, "_runtime": 117.91179823875427, "Accuracy": 0.5061686086360521, "Class 0 F1Score": 0.6705122288878634, "Class 1 F1Score": 0.05448354143019296, "Class 2 F1Score": 0.0}
