{"_step": 0, "Total Epoch": 2, "_runtime": 2.3604724407196045, "_timestamp": 1599036511.9671025, "Batch": 64}
