{"Batch": 32, "Total Epoch": 32, "_step": 0, "_timestamp": 1596702044.4882925, "_runtime": 67.7194402217865, "Threshold": 0.5}
