{"_timestamp": 1596507277.0585704, "Batch": 64, "_runtime": 42.57422947883606, "_step": 0, "Total Epoch": 50}
