{"Batch": 64, "Total Epoch": 5, "_runtime": 7.156583309173584, "_timestamp": 1599046221.3607755, "_step": 1, "Threshold": 0.5}
