{"_runtime": 3.4471218585968018, "Total Epoch": 1, "_timestamp": 1599550182.899039, "Batch": 64, "_step": 1, "Threshold": 0.5}
