{"_runtime": 2.409712791442871, "Batch": 64, "_step": 1, "Total Epoch": 50, "_timestamp": 1597048966.3497171, "Threshold": 0.5}
