{"Precision": 0.6999513704420096, "_step": 15, "Recall": 0.6206848942364166, "Accuracy": 0.7337217272104181, "F1Score": 0.5616506288237818, "ROC-AUC": 0.821361509350743, "_timestamp": 1599027912.6259146, "_runtime": 252.30421662330627, "Class 0 F1Score": 0.8576755748912368, "Class 1 F1Score": 0.7514037774374682, "Class 2 F1Score": 0.07587253414264036}
