{"Total Epoch": 32, "_timestamp": 1596692437.6888437, "_runtime": 137.39477968215942, "Batch": 64, "Threshold": 0.5, "_step": 0}
