{"_timestamp": 1596008295.7958434, "_runtime": 5.05189061164856, "_step": 0, "Threshold": 0.9, "Batch": 512, "Total Epoch": 100}
