{"Total Epoch": 50, "Batch": 64, "_runtime": 22.430039882659912, "_timestamp": 1596086821.403658, "_step": 0}
