{"_runtime": 4.735406875610352, "_step": 0, "Batch": 512, "Threshold": 0.9, "_timestamp": 1596010129.4617434, "Total Epoch": 100}
