{"_timestamp": 1596097184.8321195, "_step": 0, "Batch": 64, "Total Epoch": 50, "_runtime": 11.724396228790283}
