{"Batch": 64, "Total Epoch": 3, "_step": 1, "_timestamp": 1597242498.578715, "_runtime": 81.48073720932007, "Threshold": 0.5}
