{"_runtime": 7.910138130187988, "Threshold": 0.5, "Total Epoch": 100, "_timestamp": 1596186176.8034036, "_step": 0, "Batch": 64}
