{"_timestamp": 1597220928.6952367, "_runtime": 4.963778972625732, "Total Epoch": 50, "_step": 1, "Batch": 64, "Threshold": 0.5}
