{"Total Epoch": 100, "_timestamp": 1596422053.6268306, "_runtime": 8.708714485168457, "_step": 0, "Batch": 64, "Threshold": 0.5}
