{"Batch": 64, "_runtime": 2.4983363151550293, "_step": 1, "_timestamp": 1596790119.6336749, "Total Epoch": 50, "Threshold": 0.5}
