{"_runtime": 5.5693724155426025, "Batch": 512, "_step": 0, "Threshold": 0.9, "Total Epoch": 100, "_timestamp": 1596008928.5638819}
