{"_step": 0, "Total Epoch": 100, "Batch": 64, "_runtime": 13.158334970474243, "Threshold": 0.5, "_timestamp": 1596421599.1452935}
