{"Total Epoch": 50, "_step": 0, "_timestamp": 1596172728.0441368, "_runtime": 3.8035671710968018, "Batch": 64}
