{"Batch": 64, "_runtime": 6.897704362869263, "Total Epoch": 5, "_step": 1, "_timestamp": 1599046370.479432, "Threshold": 0.5}
