{"_step": 1, "_runtime": 83.24237895011902, "Total Epoch": 3, "_timestamp": 1597245800.4682903, "Batch": 64, "Threshold": 0.5}
