{"Threshold": 0.9, "_runtime": 5.023871421813965, "_step": 0, "Total Epoch": 100, "_timestamp": 1596007885.0744948, "Batch": 512}
