{"ROC-AUC": 0.7925305988772732, "F1Score": 0.3819663923182442, "_step": 15, "Precision": 0.4196438492724912, "_timestamp": 1599037243.1486213, "_runtime": 118.04810786247253, "Accuracy": 0.5843043180260452, "Recall": 0.4335215368540765, "Class 0 F1Score": 0.7245, "Class 1 F1Score": 0.4213991769547325, "Class 2 F1Score": 0.0}
