{"_step": 1, "Total Epoch": 50, "_timestamp": 1597220904.9623535, "_runtime": 4.454564571380615, "Batch": 64, "Threshold": 0.5}
