{"_timestamp": 1596420425.576795, "_runtime": 7.081626653671265, "Total Epoch": 100, "_step": 0, "Threshold": 0.9, "Batch": 64}
