{"Total Epoch": 16, "_timestamp": 1596440453.0156693, "Batch": 128, "_step": 0, "Threshold": 0.5, "_runtime": 12.884273290634155}
