{"Total Epoch": 50, "Threshold": 0.5, "Batch": 64, "_timestamp": 1596687424.062605, "_step": 0, "_runtime": 147.36760711669922}
