{"_timestamp": 1597242360.4784493, "_runtime": 4.765665531158447, "_step": 1, "Total Epoch": 3, "Batch": 64, "Threshold": 0.5}
