{"Batch": 64, "Total Epoch": 50, "Threshold": 0.5, "_runtime": 114.33894085884094, "_step": 0, "_timestamp": 1596623920.722627}
