{"_step": 4, "_runtime": 60.06476974487305, "_timestamp": 1599036604.3780258, "Batch": 64, "Total Epoch": 1, "ROC-AUC": 0.7367726407100711, "Trainloss": 0.6180601544801014, "Precision": 0.4373901314283766, "F1Score": 0.46903197704277194, "Recall": 0.5224452540856256, "Epoch": 0, "Accuracy": 0.6572995202193284, "Class 0 F1Score": 0.7869215849265725, "Class 1 F1Score": 0.6201743462017434, "Class 2 F1Score": 0.0}
