{"Batch": 64, "_step": 1, "_timestamp": 1597242697.1867611, "_runtime": 84.25394606590271, "Total Epoch": 3, "Threshold": 0.5}
