{"_step": 4, "_runtime": 101.54055953025818, "_timestamp": 1599036645.8538156, "Batch": 64, "Total Epoch": 1, "ROC-AUC": 0.7702717101280854, "Trainloss": 1.0204374129597336, "Precision": 0.3843291399695426, "F1Score": 0.24166525677268547, "Recall": 0.34281200631911535, "Epoch": 0, "Accuracy": 0.5061686086360521, "Class 0 F1Score": 0.6705122288878634, "Class 1 F1Score": 0.05448354143019296, "Class 2 F1Score": 0.0}
