{"_step": 2, "_runtime": 76.36973190307617, "_timestamp": 1597243840.0634198, "Total Epoch": 3, "Batch": 64, "Threshold": 0.5, "Epoch": 0, "Recall": 0.0, "Trainloss": 0.0011097566193225337, "Accuracy": 0.5, "ROC-AUC": 0.5, "F1Score": 0.0, "Precision": 0.0}
