{"_timestamp": 1597243623.1388764, "_step": 2, "_runtime": 75.92511248588562, "Total Epoch": 3, "Batch": 64, "Threshold": 0.5, "ROC-AUC": 0.5, "Trainloss": 0.0014903503118776807, "Accuracy": 0.5, "Epoch": 0, "Precision": 0.0, "Recall": 0.0, "F1Score": 0.0}
