{"_timestamp": 1597245563.167365, "Total Epoch": 3, "_step": 2, "_runtime": 76.42714977264404, "Batch": 64, "Threshold": 0.5, "Epoch": 0, "Precision": 0.0, "F1Score": 0.0, "Trainloss": 0.0012077520033892462, "Accuracy": 0.5, "ROC-AUC": 0.5, "Recall": 0.0}
