{"_runtime": 14.575244426727295, "Batch": 64, "_step": 0, "Total Epoch": 50, "_timestamp": 1596092118.0141335}
