{"_timestamp": 1596436834.3850377, "_runtime": 13.547431945800781, "Total Epoch": 100, "_step": 0, "Threshold": 0.5, "Batch": 64}
