{"_timestamp": 1596009683.6286693, "Batch": 512, "_runtime": 5.543997764587402, "_step": 0, "Total Epoch": 100, "Threshold": 0.9}
